ID_LAB,Island_Site,Depth,Species,Zoox,Chl_A,Chl_C2,Relative_Index_Light,RatioChlA,RatioChlC2,Size_Ba,Distance_Ba,Size_Ap,Distance_Ap,Size_Ba_sd,Distance_Ba_sd,Size_Ap_sd,Distance_Ap_sd
100,Moorea_2,20,Pocillopora verrucosa,1941154.119,10.8463432,3.851712346,49.5869513999609,5.587574471205601e-6,1.9842382983913913e-6,0.5828,0.9476,0.7037,0.2343,0.06776888830593446,0.31725391162985594,0.10877606967220932,0.034377156498013164
102,Moorea_2,20,Pocillopora verrucosa,2928682.011,17.63141835,6.23595428,49.5869513999609,6.020256990611194e-6,2.1292698410336224e-6,0.584,0.6194999999999999,0.7884,0.2571,0.10482684134641598,0.1808217354191691,0.19621881210073164,0.05247528518793924
108,Moorea_2,60,Pocillopora verrucosa,4370749.569,22.89179268,8.400384233,12.2173416036179,5.237498126720057e-6,1.9219550560802216e-6,0.7733,0.6576,0.8874,0.252,0.08956443986811333,0.19852522929508648,0.08645127079587796,0.10273482585980494
110,Moorea_2,20,Pocillopora verrucosa,2061367.111,9.296978185,3.52201572,49.5869513999609,4.510103093907372e-6,1.7085824748079045e-6,0.694,0.6567000000000001,0.9204,0.2228,0.11071685608895432,0.16708949697691952,0.13974039422363801,0.05999777773662398
111,Moorea_2,20,Pocillopora verrucosa,3232857.444,11.96628987,4.934594016,49.5869513999609,3.701459181940965e-6,1.5263877549436417e-6,0.6086,0.3767,0.6413,0.24330000000000002,0.08404125970815368,0.12301043316185285,0.07972738272109248,0.10770437936004892
112,Moorea_2,20,Pocillopora verrucosa,1811732.152,7.191712162,2.973797387,49.5869513999609,3.969522842579657e-6,1.6414111676039847e-6,0.5457,0.7501,0.6798,0.2611,0.06884289683362,0.3078803699851977,0.14891294996294535,0.042813419495397576
113,Moorea_2,20,Pocillopora verrucosa,1084677.915,5.622492886,1.940434347,49.5869513999609,5.1835598459658875e-6,1.7889498072798873e-6,0.692,0.6842,0.6497,0.2544,0.06395658249503679,0.2019289203875683,0.10750405677099922,0.08715783894113535
116,Moorea_2,20,Pocillopora verrucosa,1911724.987,15.16360994,6.003483341,49.5869513999609,7.931899223536174e-6,3.140348837737925e-6,0.5439,0.6672,0.7635,0.2745,0.09520206580391695,0.2261389936398507,0.08576485941871015,0.11620217056683771
118,Moorea_2,20,Pocillopora verrucosa,1009029.722,8.733302179,0.938032932,49.5869513999609,8.655148593333509e-6,9.296385542942412e-7,0.6834,0.5915,1.0505,0.32080000000000003,0.1032076655206493,0.22870177087202453,0.15167380935561828,0.1256359821070381
124,Moorea_2,20,Pocillopora verrucosa,2961006.505,20.09602215,7.443674254,49.5869513999609,6.786888889323801e-6,2.51390000036491e-6,0.6637,0.7337,0.9548,0.247,0.1055557251460626,0.17256885904215485,0.30325962474421153,0.051755837029910615
128,Moorea_2,40,Pocillopora verrucosa,2934434.547,14.31556445,4.04299255,23.9135106993185,4.878474616050109e-6,1.3777756788384758e-6,0.7895,0.6672,0.7608,0.1687,0.15345592925078594,0.27973630440112707,0.07864095625054417,0.041952486351956676
140,Moorea_2,40,Pocillopora verrucosa,4453281.017,21.12732465,6.425883572,23.9135106993185,4.744215460319781e-6,1.4429548792159685e-6,0.661,0.5078,0.8444,0.18415,0.08321191154048935,0.14039294062657773,0.09996132585488583,0.0866557845732182
143,Moorea_2,40,Pocillopora verrucosa,2710037.911,16.78150047,NA,23.9135106993185,6.192348971165371e-6,NA,0.8142,0.823,0.7974,0.1538,0.1386881393631049,0.1636120071660051,0.06460856496368471,0.04117658450030929
146,Moorea_2,60,Pocillopora verrucosa,3151951.595,17.34490976,6.169511681,12.2173416036179,5.502911208254136e-6,1.9573624451551897e-6,0.6801,0.7217,0.8303,0.3029,0.07960799792315677,0.26215095312094944,0.05952973113402151,0.19050835502238042
163,Moorea_2,60,Pocillopora verrucosa,4206892.088,20.40139303,7.6254561,12.2173416036179,4.849516603526437e-6,1.8126103404818305e-6,0.7079,0.6364,0.8477,0.2119,0.12452973763545619,0.1680854280153729,0.043264175583141405,0.07213328712259763
165,Moorea_2,60,Pocillopora verrucosa,3507369.495,17.75576579,6.103918974,12.2173416036179,5.062416667337754e-6,1.740312499923821e-6,0.6089,0.6531,0.8771,0.2028,0.061504200398563545,0.2827564519354264,0.06883708625765943,0.04394137508595339
166,Moorea_2,60,Pocillopora verrucosa,1431741.944,8.151199671,2.509917628,12.2173416036179,5.693204494817818e-6,1.7530516854090294e-6,0.8709,0.6348,0.9247,0.24530000000000002,0.09656368077307559,0.28214015429687894,0.04168412967385389,0.07929838165645837
167,Moorea_2,60,Pocillopora verrucosa,1354433.689,6.362556777,1.637926673,12.2173416036179,4.697577170941146e-6,1.2093073926781216e-6,0.75,0.772,0.8636,0.2504,0.09093954035511725,0.30082220662710396,0.07676399619034374,0.08791056060944365
168,Moorea_2,60,Pocillopora verrucosa,1648756.692,9.897168022,3.251335587,12.2173416036179,6.0028068847407595e-6,1.971992352040746e-6,0.8679,0.6633,0.862,0.16469999999999999,0.08261752571673613,0.20091017893576224,0.09028719608990955,0.05867189370653645
169,Moorea_2,60,Pocillopora verrucosa,3539241.967,23.32621914,7.170389439,12.2173416036179,6.590738739395152e-6,2.025967567591289e-6,0.6860999999999999,0.7516,0.7762,0.24960000000000002,0.09524173921600176,0.12851995089392845,0.07893288288159758,0.15346096137671844
170,Moorea_2,60,Pocillopora verrucosa,3588722.733,21.47619342,5.811775778,12.2173416036179,5.984355721470556e-6,1.6194552241548164e-6,0.483,0.5726,0.6154999999999999,0.3385,0.0726360791893395,0.15965949879526603,0.07396132623052253,0.041931822972269855
172,Moorea_2,40,Pocillopora verrucosa,2373930.454,15.8593316,5.18785774,23.9135106993185,6.680621824147171e-6,2.1853452915011133e-6,0.7604,0.5243,0.806,0.2643,0.06512586105210262,0.21086491199607182,0.08815390581880711,0.09953006246021015
232,Moorea_2,40,Pocillopora verrucosa,2616923.818,13.16226858,4.613808524,23.9135106993185,5.029672048328615e-6,1.7630656621583014e-6,0.6156,0.4892,0.7404,0.3135,0.08510803591775443,0.19699452897084338,0.13939328853602992,0.12463123382380698
233,Moorea_2,40,Pocillopora verrucosa,4000161.21,20.20967662,7.532514092,23.9135106993185,5.052215538083276e-6,1.8830526312713284e-6,0.5821,0.3561,0.7315,0.2405,0.10144779719420012,0.16720410016237974,0.07999340250573446,0.055857457474857874
235,Moorea_2,6,Pocillopora verrucosa,2504696.119,9.504391627,3.166662152,100,3.7946286397387917e-6,1.2642899583620108e-6,0.69514,0.4164,0.8537,0.2133,0.09575510662332554,0.14338309213819847,0.09921699003250961,0.09463972621356095
237,Moorea_2,6,Pocillopora verrucosa,1557521.933,10.21264588,3.00776786,100,6.556983669776675e-6,1.9311239195242847e-6,0.6402,0.3915,0.7463,0.14579999999999999,0.0640586536785711,0.13484167670930888,0.1096094582293578,0.08346874331814941
238,Moorea_2,6,Pocillopora verrucosa,2786234.033,8.235546374,2.323307072,100,2.955798499500993e-6,8.33852090126989e-7,0.6609,0.4637,0.5999,0.14063,0.05585984445218427,0.13479123776335677,0.07314437777437169,0.03890844095794353
239,Moorea_2,6,Pocillopora verrucosa,3295311.21,11.45397037,3.624881213,100,3.475838741798229e-6,1.1000117991890666e-6,0.6373,0.4107,0.8099999999999999,0.25484,0.05260977940353761,0.1315007815777365,0.1615631971293793,0.11483722973554061
240,Moorea_2,6,Pocillopora verrucosa,3381881.206,12.30161224,3.892046526,100,3.6375057226063906e-6,1.1508525252439043e-6,0.7014,0.418,0.7604,0.14928,0.12499262200448294,0.18539147768977945,0.1739432857763319,0.06428023369936084
919,Bora_2,20,Pocillopora verrucosa,347182.6549,2.625479599,1.272544484,52.1731003202798,7.5622429921109515e-6,3.6653457943241275e-6,0.4828,0.5209,0.7462,0.2293,0.08863633566433125,0.18966429406834712,0.10378696128769418,0.05255272484742241
920,Bora_2,20,Pocillopora verrucosa,772465.3035,7.341063028,3.076891928,52.1731003202798,9.50342105300785e-6,3.983210526167018e-6,NA,NA,NA,NA,NA,NA,NA,NA
921,Bora_2,20,Pocillopora verrucosa,4080063.179,18.36798004,5.865419216,52.1731003202798,4.5018861802286806e-6,1.4375804880152813e-6,0.69,0.5542,0.8395,0.2581,0.08232591059657682,0.22180612154662357,0.23155860789201704,0.03268519882488436
922,Bora_2,20,Pocillopora verrucosa,3988435.878,25.16408004,8.754390402,52.1731003202798,6.309260273884238e-6,2.1949432483768264e-6,0.5724,0.6751,0.8387,0.2228,0.08771316890866501,0.2111289495387436,0.14269396156343356,0.0393779408072873
923,Bora_2,20,Pocillopora verrucosa,808720.6963,4.536874611,1.710996257,52.1731003202798,5.609940034621073e-6,2.115682540125442e-6,0.5563,0.5886,0.6523,0.22490000000000002,0.06065210447938125,0.2083598383139664,0.06207352271477929,0.086650575429262
924,Bora_2,20,Pocillopora verrucosa,1025774.929,5.171470608,1.980968653,52.1731003202798,5.0415256425125595e-6,1.9311923083665072e-6,0.6018,0.7458,0.6508,0.3225,0.07690080190305774,0.2157518121463744,0.09556940468115886,0.08026656976738336
925,Bora_2,20,Pocillopora verrucosa,478860.0717,6.53798451,2.447351411,52.1731003202798,1.3653225433453905e-5,5.11078612654353e-6,0.6497,0.5754,0.7096,0.2359,0.06395493204853972,0.1466706060077024,0.0837843793449723,0.0545332722086047
926,Bora_2,20,Pocillopora verrucosa,1197508.736,7.034166317,2.690105904,52.1731003202798,5.8740000014496766e-6,2.246418604832625e-6,0.7226,0.5498000000000001,0.7851,0.2642,0.1101909453832049,0.1880010638267773,0.13526554131288085,0.06381884082654937
1019,Bora_2,6,Pocillopora verrucosa,3533552.932,20.59097396,9.689740822,100,5.827271971371165e-6,2.742209048079996e-6,0.6292,0.5463,0.8614,0.2203,0.07110524281342098,0.2048972913437364,0.15264570452885698,0.06923398330620914
1020,Bora_2,6,Pocillopora verrucosa,1740643.244,5.720194563,1.783209193,100,3.2862532760331674e-6,1.0244541488594661e-6,0.8041,0.43820000000000003,0.8454,0.13358,0.11312966994658041,0.13172682170141187,0.08012517984032512,0.05446598938787397
1021,Bora_2,6,Pocillopora verrucosa,1312277.452,6.801392221,4.690259378,100,5.182891933892651e-6,3.574136986695707e-6,0.7872,0.4448,0.8377,0.18510000000000001,0.16543330310967552,0.06524790332944722,0.12017029583054208,0.055624634830262025
1022,Bora_2,6,Pocillopora verrucosa,1352387.861,4.980400025,1.062530808,100,3.682671346456281e-6,7.856701754290591e-7,0.672,0.4245,0.7585999999999999,0.24143,0.07905553603497845,0.15398863594434495,0.08318012583143485,0.12971988667895143
1023,Bora_2,6,Pocillopora verrucosa,1459968.117,9.552222371,3.452013502,100,6.542760940991151e-6,2.3644444435494475e-6,0.8403,0.3609,0.7872,0.2589,0.10406093300455163,0.3436230007823497,0.12713404998924038,0.08625343793470239
1025,Bora_2,6,Pocillopora verrucosa,1660921.231,6.985084884,2.163892645,100,4.205548555601551e-6,1.302826771440072e-6,0.5502,0.4521,0.671,0.2029,0.04897799959619057,0.09538978515077554,0.08923502052943613,0.10449928229418612
1080,Bora_2,40,Pocillopora verrucosa,3456763.16,31.23723304,10.28118462,23.9701828750539,9.036555758711568e-6,2.9742230358645683e-6,0.6759,0.6329,0.661,0.2223,0.07279415422194895,0.2421337784503985,0.0733030240394851,0.035674609707434475
1081,Bora_2,40,Pocillopora verrucosa,2958112.639,18.88698835,6.593906409,23.9701828750539,6.384810402752212e-6,2.2290924023870476e-6,0.7426,0.6597,0.7729,0.3159,0.11428735713104929,0.2518880042135129,0.02847396471632756,0.12986869437157583
1082,Bora_2,40,Pocillopora verrucosa,4485631.552,37.53244828,13.48276373,23.9701828750539,8.367260628721383e-6,3.005767097386424e-6,0.7313000000000001,0.4822,0.9622,0.15389,0.12605294302174957,0.18322893997522455,0.13460295522593685,0.06452380180987477
1083,Bora_2,40,Pocillopora verrucosa,3001403.291,26.28615822,10.23970968,23.9701828750539,8.757956086348544e-6,3.4116407184281986e-6,NA,NA,NA,NA,NA,NA,NA,NA
1084,Bora_2,40,Pocillopora verrucosa,3078637.925,23.12701322,8.988000465,23.9701828750539,7.512092614788405e-6,2.91947305398052e-6,0.8168,0.6122,0.8703,0.3125,0.07273055295632867,0.09919655011922317,0.09826500450878284,0.1325193906146904
1085,Bora_2,40,Pocillopora verrucosa,2443067.744,26.79635699,9.291761976,23.9701828750539,1.0968323353214392e-5,3.8033173655621727e-6,0.5905,0.6821,0.5803,0.2464,0.06172744752359177,0.22578428741709303,0.08730667532070818,0.10596980702067924
1086,Bora_2,40,Pocillopora verrucosa,1923831.427,15.2440548,5.77500303,23.9701828750539,7.923799656278304e-6,3.0018238339132817e-6,0.7798,0.5693,0.907,0.2862,0.126151408148216,0.1808191545900673,0.0751265598839718,0.14104829748076445
1087,Bora_2,40,Pocillopora verrucosa,6956518.428,41.78154329,16.45149287,23.9701828750539,6.006099706690808e-6,2.3649032256973124e-6,NA,NA,NA,NA,NA,NA,NA,NA
1088,Bora_2,40,Pocillopora verrucosa,2754007.023,16.92753297,6.298310353,23.9701828750539,6.14651045862638e-6,2.286962342651949e-6,NA,NA,NA,NA,NA,NA,NA,NA
1143,Bora_2,60,Pocillopora verrucosa,3325697.248,13.25473799,3.89049769,11.803795404123,3.98555160063686e-6,1.1698291816369208e-6,0.8409,0.6883,0.9057999999999999,0.156,0.08904611788905292,0.3015246627097396,0.1167169415485363,0.04254148302278351
1144,Bora_2,60,Pocillopora verrucosa,2808802.553,21.62048382,6.987546404,11.803795404123,7.697402509445812e-6,2.4877314343568954e-6,0.8648,0.6525,0.7833,0.23299999999999998,0.08484993288807663,0.14173155376744212,0.09815186645647087,0.10263635916293126
1145,Bora_2,60,Pocillopora verrucosa,1928469.212,10.01306729,3.76085632,11.803795404123,5.192236011699418e-6,1.9501770091002103e-6,0.8534,0.5597,0.9664,0.16765,0.09744536931019349,0.25535902829806767,0.09751262026584617,0.04697520031297838
1146,Bora_2,60,Pocillopora verrucosa,3666809.122,40.47401259,10.87915322,11.803795404123,1.103793823004458e-5,2.9669265178619787e-6,0.8749,0.6853,0.7739,0.1747,0.08469349968497518,0.18439332959735824,0.10114505535231182,0.055273160052797976
1147,Bora_2,60,Pocillopora verrucosa,2133950.185,24.64738047,9.410237081,11.803795404123,1.1550119887170656e-5,4.409773549142151e-6,0.9557,0.7031000000000001,0.8441,0.1546,0.09961710027232608,0.1106169064835932,0.08618771503075263,0.029284808348356995
1148,Bora_2,60,Pocillopora verrucosa,1737219.437,13.35018624,5.231335245,11.803795404123,7.684801330023341e-6,3.011326683078092e-6,0.8987,0.632,0.9683,0.14873,0.08905060983009108,0.22855050499470206,0.09497022925340577,0.029579950041277024
1149,Bora_2,60,Pocillopora verrucosa,4582204.445,31.20525155,9.587365295,11.803795404123,6.810095866423087e-6,2.0923041322308347e-6,0.8180000000000001,0.639,0.8605,0.3472,0.12171095084484204,0.22083276729487208,0.11621651250049529,0.09059163562075939
1612,Tikehau_2,20,Pocillopora verrucosa,1953499.925,9.79190512,3.357336834,55.5655039501645,5.012493215222416e-6,1.7186265487059078e-6,0.5498000000000001,0.6158,0.8563999999999999,0.2112,0.05413727407659573,0.17605983831262217,0.17622157769253016,0.04752262619005814
1614,Tikehau_2,20,Pocillopora verrucosa,4157484.477,26.96643719,9.60172703,55.5655039501645,6.4862388156067675e-6,2.3095040001035703e-6,0.4983,0.5876,0.684,0.2195,0.050210777948785285,0.22162641238504643,0.09273977931107377,0.04020019347659356
1615,Tikehau_2,20,Pocillopora verrucosa,2918023.793,21.67638533,8.262180888,55.5655039501645,7.42844708189122e-6,2.8314302672308604e-6,0.6204000000000001,0.6019,0.883,0.2397,0.09081507461747626,0.216542759441794,0.09452924297685757,0.06296392265063824
1616,Tikehau_2,20,Pocillopora verrucosa,1767353.021,17.85215937,6.065584483,55.5655039501645,1.0101071578726772e-5,3.4320163605842507e-6,0.5604,0.73740000000000006,0.878,0.2813,0.09278314023092292,0.26415323835481047,0.142715723652924,0.0705156405030512
1617,Tikehau_2,20,Pocillopora verrucosa,1537662.53,13.67534667,4.534335601,55.5655039501645,8.893594272600243e-6,2.94884964193021e-6,0.5914,0.6275,0.8351,0.261,0.0713118347665924,0.1944852179472774,0.13620609384311702,0.0898443097808648
1618,Tikehau_2,20,Pocillopora verrucosa,987026.2007,7.987881498,2.779340045,55.5655039501645,8.092876858116822e-6,2.81587261111092e-6,0.6782,0.7368,0.8989,0.3372,0.07596607429928473,0.27046207374294334,0.12253929075108023,0.11936852367539963
1619,Tikehau_2,20,Pocillopora verrucosa,1790967.791,8.215180113,3.359247733,55.5655039501645,4.587006061350213e-6,1.8756606064502922e-6,0.8202,0.7576,0.9259,0.2451,0.15183894976805742,0.1721170144601244,0.1208841961915986,0.10478173080795675
1718,Tikehau_2,60,Pocillopora verrucosa,3536150.031,21.32250767,9.359743224,10.2257986409944,6.029865102745693e-6,2.646873900130625e-6,NA,NA,NA,NA,NA,NA,NA,NA
1769,Tikehau_2,6,Pocillopora verrucosa,3104014.105,25.78914682,10.41741211,100,8.308321401780486e-6,3.3561097848168445e-6,0.9526,0.3589,0.9515,0.193,0.06754126310798624,0.11338082338345895,0.2086359136017681,0.04674992572780791
1771,Tikehau_2,6,Pocillopora verrucosa,1665007.966,7.874478581,3.05922509,100,4.729393937926661e-6,1.837363635772539e-6,0.5478000000000001,0.5071,0.6222,0.1517,0.05051468433369977,0.1064084896362441,0.11560930373940981,0.02375827341276204
1772,Tikehau_2,6,Pocillopora verrucosa,1565493.358,8.682584528,3.356059393,100,5.546228914757235e-6,2.1437710839524364e-6,0.6839,0.4648,0.7177,0.17025,0.07614671511117352,0.20455414931015212,0.06274649171246327,0.09919996919802389
1773,Tikehau_2,6,Pocillopora verrucosa,2051849.716,9.887969005,4.139212216,100,4.81905128231136e-6,2.017307692528881e-6,0.5932,0.5192,0.7471,0.14611,0.05413522164194234,0.16687506970452143,0.08102050494919308,0.050063170095390484
1774,Tikehau_2,6,Pocillopora verrucosa,2579651.731,15.67361214,6.059742623,100,6.075863633702265e-6,2.349054544913683e-6,0.6808000000000001,0.3572,0.6729,0.1606,0.06290875226159802,0.09853121332856915,0.05622069607063457,0.03553151965352578
1775,Tikehau_2,6,Pocillopora verrucosa,1706953.17,12.61753291,4.584677521,100,7.391844797944867e-6,2.6858835974978738e-6,0.7115,0.1956,0.7624,0.19846,0.05914811915860045,0.0894814692175611,0.0792523396079468,0.10625328439368095
1778,Tikehau_2,6,Pocillopora verrucosa,2599613.663,9.646015952,3.804747456,100,3.7105574914036757e-6,1.4635818814743627e-6,0.6119,0.5551,0.7826,0.2888,0.06022264247495844,0.24525698540284002,0.08539346839451155,0.10621759636603427
1822,Tikehau_2,20,Pocillopora verrucosa,7141828.763,42.26911876,16.70043722,55.5655039501645,5.918528735803014e-6,2.3383978773785117e-6,0.6357,0.6071,0.6664,0.2139,0.07522861453226719,0.17371077494885953,0.17858219396121214,0.055486635027425
1823,Tikehau_2,6,Pocillopora verrucosa,4022251.541,16.87215312,6.598379298,100,4.194703625075943e-6,1.6404690832337976e-6,NA,NA,NA,NA,NA,NA,NA,NA
1823,Tikehau_2,20,NA,NA,NA,NA,NA,NA,NA,0.4666,0.4656,0.7626000000000001,0.2555,0.04452015773157644,0.08653990730036376,0.16443316778152353,0.0660593167791897
1824,Tikehau_2,20,Pocillopora verrucosa,4160565.104,31.70771158,11.97832984,55.5655039501645,7.621010797190978e-6,2.8790151194807507e-6,0.5723,0.7025,0.7569,0.1643,0.07870345185144888,0.23355715455631934,0.1820466667887355,0.03284323031886142
1825,Tikehau_2,6,Pocillopora verrucosa,5275239.264,29.4499174,10.90730516,100,5.5826695105520805e-6,2.0676417910435083e-6,NA,NA,NA,NA,NA,NA,NA,NA
1825,Tikehau_2,20,NA,NA,NA,NA,NA,NA,NA,0.5245,0.516,0.7585,0.2362,0.06936577766529481,0.19671807237770503,0.11136052562136488,0.040633319660921964
1853,Tikehau_2,40,Pocillopora verrucosa,2880233.934,14.40944416,4.121585067,23.5045034478894,5.0028728534520484e-6,1.4309896909227929e-6,0.5337,0.5013,0.6867,0.3118,0.0375027406405926,0.12117026587960156,0.07810114524697374,0.07979668609103459
1854,Tikehau_2,40,Pocillopora verrucosa,2415013.172,14.66304777,4.317341853,23.5045034478894,6.0716222751931236e-6,1.787709443184768e-6,0.5779,0.5393,1.008,0.214,0.06662240197144235,0.20539395750064743,0.14806980335864123,0.0586609845733185
1855,Tikehau_2,40,Pocillopora verrucosa,4279838.568,24.72263015,9.809327745,23.5045034478894,5.7765333334881055e-6,2.291985454391559e-6,0.9073,0.5065,0.8311999999999999,0.2075,0.13615518107414543,0.1945971622494931,0.07881032081311856,0.11292007989921207
1856,Tikehau_2,40,Pocillopora verrucosa,2274469.225,21.53047398,8.349064639,23.5045034478894,9.466153132935882e-6,3.670774942668217e-6,0.6351,0.4582,0.8693,0.19164,0.09363813325777055,0.1211296825720269,0.11156467979507573,0.14838585736742793
1858,Tikehau_2,40,Pocillopora verrucosa,3693650.444,16.33668379,4.881355318,23.5045034478894,4.422910082500487e-6,1.3215531334128594e-6,0.7056,0.5914,0.789,0.2898,0.08911565519031996,0.19239380909420598,0.12037903102746388,0.09233971097107802
1859,Tikehau_2,40,Pocillopora verrucosa,1889192.244,22.57347019,9.003189607,23.5045034478894,1.194874172371417e-5,4.7656291389051455e-6,0.8274,0.5504,0.7766,0.3048,0.09044482664401911,0.22255096794517282,0.07477551589777084,0.2638904654923663
1860,Tikehau_2,40,Pocillopora verrucosa,2800899.061,18.56957253,7.096036173,23.5045034478894,6.6298613857830835e-6,2.5334851483246646e-6,0.7013,0.5734,0.9929,0.43069999999999997,0.1097776034636493,0.199694321957892,0.16286357617479866,0.08317858965970618
1861,Tikehau_2,40,Pocillopora verrucosa,3404410.622,14.26644308,5.408419736,23.5045034478894,4.190576479760496e-6,1.5886508228618728e-6,NA,NA,NA,NA,NA,NA,NA,NA
1862,Tikehau_2,40,Pocillopora verrucosa,2954264.535,38.17323807,14.73431889,23.5045034478894,1.2921401458045122e-5,4.987474451065027e-6,0.66935,0.509,0.7681,0.33645,0.18158027802716087,0.1376073743433985,0.1398754709319009,0.09998709127208688
1863,Tikehau_2,40,Pocillopora verrucosa,4199386.126,29.57417376,11.52929644,23.5045034478894,7.042499277905172e-6,2.7454718604268684e-6,0.9749,0.823,0.8263,0.29109999999999997,0.15146136287662423,0.2624042682579687,0.0828841896195462,0.05767427695448138
2483,Rangiroa_3,20,Pocillopora verrucosa,3377088.115,14.59544736,5.122305851,58.0332194781337,4.321903030948897e-6,1.516781818113739e-6,0.6192,0.4894,0.6802,0.321,0.080875487290306,0.11555104692059023,0.07839047561194323,0.09777411609305287
2484,Rangiroa_3,20,Pocillopora verrucosa,2253101.5,19.32300261,6.088890613,58.0332194781337,8.57617937318847e-6,2.70244843075201e-6,0.8009000000000001,0.7794,0.7856,0.3085,0.20151616973996572,0.1626299138808383,0.1424173834583093,0.0978005339680947
2485,Rangiroa_3,20,Pocillopora verrucosa,2150344.275,12.04354175,3.615093405,58.0332194781337,5.600750489128072e-6,1.6811695908553992e-6,0.6085,0.48,0.8797,0.3113,0.12254364301931148,0.2035490658839343,0.1804476224405421,0.06651491060907572
2486,Rangiroa_3,20,Pocillopora verrucosa,2602512.644,10.88824525,3.481015494,58.0332194781337,4.183743458500562e-6,1.3375594935245972e-6,0.532,0.6682,0.7725,0.2577,0.05633629183552799,0.25152327040565364,0.1325395119284141,0.08265732474096495
2487,Rangiroa_3,20,Pocillopora verrucosa,2593700.736,15.90126118,5.123921746,58.0332194781337,6.130723162967094e-6,1.9755254239169093e-6,0.6682,0.43,0.8393,0.2757,0.07837204717102764,0.12843675486401857,0.11030266441830759,0.08926247189546618
2488,Rangiroa_3,20,Pocillopora verrucosa,4096116.601,27.36878073,9.737274381,58.0332194781337,6.681641026361008e-6,2.3771965814212427e-6,0.6557999999999999,0.5177,0.6867,0.2822,0.1064840102759304,0.0995211312011452,0.06981730126233437,0.11913185971854882
2490,Rangiroa_3,20,Pocillopora verrucosa,3047877.733,15.69344797,4.741502871,58.0332194781337,5.148975564237307e-6,1.5556735821987778e-6,0.61240000000000006,0.5501,0.6843,0.2871,0.08323220530539845,0.12959633911153165,0.14907794381910874,0.06454533290641547
2491,Rangiroa_3,20,Pocillopora verrucosa,1276039.442,7.92063649,3.0453728349999998,58.0332194781337,6.2072034995921384e-6,2.386582055980053e-6,0.7113,0.4996,0.7182,0.3123,0.08104326690793696,0.14819221751945455,0.11484946669445184,0.09914641249743288
2492,Rangiroa_3,20,Pocillopora verrucosa,2800266.878,11.32798975,3.443736899,58.0332194781337,4.045325050621836e-6,1.2297888197926255e-6,0.7066,0.6225,0.7538,0.2259,0.06187837532881203,0.1398421729426904,0.09483646743503027,0.047200400186627425
2583,Rangiroa_3,40,Pocillopora verrucosa,2586542.488,9.199658771,3.172497977,22.646012618777,3.5567398616805552e-6,1.2265400594494314e-6,0.732,0.5361,0.7544,0.2382,0.07113836283375284,0.1883138337987945,0.2174111312697673,0.08178263874441813
2584,Rangiroa_3,40,Pocillopora verrucosa,1932312.385,12.0506376,3.536843969,22.646012618777,6.23638170181267e-6,1.8303686280000735e-6,0.9571,0.5213,0.8712,0.1861,0.10741658262215484,0.13209849019239817,0.07875531728080333,0.06369624094961264
2585,Rangiroa_3,40,Pocillopora verrucosa,3458649.807,23.29874393,7.966287756,22.646012618777,6.736369748346714e-6,2.3032941178019646e-6,0.821,0.467,0.8567,0.3312,0.05481078563770294,0.1224472675617277,0.07643886446043006,0.20761813237019758
2586,Rangiroa_3,40,Pocillopora verrucosa,1929489.086,9.904319153,3.854162839,22.646012618777,5.133130435856739e-6,1.9975043481536438e-6,0.7479,0.6826,0.844,0.32121,0.0839807517629288,0.12476573603713836,0.14876678243329577,0.17963041347289843
2587,Rangiroa_3,40,Pocillopora verrucosa,4420517.47,20.78734295,7.224219586,22.646012618777,4.7024682270964986e-6,1.6342474913915454e-6,0.66,0.7496,0.9198,0.37070000000000003,0.11489898945498946,0.2495699412099854,0.04459646224135323,0.11936317131622581
2588,Rangiroa_3,40,Pocillopora verrucosa,1576711.273,9.146007522,3.316470554,22.646012618777,5.800686326417861e-6,2.103410187262611e-6,0.7716,0.6113,0.8193,0.1744,0.09164084484794127,0.16361204112167296,0.0756057757934758,0.04849100718460876
2589,Rangiroa_3,40,Pocillopora verrucosa,2732542.05,13.85679694,4.655598456,22.646012618777,5.071027887750163e-6,1.7037609562129154e-6,0.4681,0.6900000000000001,0.6834,0.2973,0.05369140216707576,0.16026089839869098,0.13491165833817162,0.06023481828090239
2590,Rangiroa_3,40,Pocillopora verrucosa,2179023.892,8.74797606,1.650286689,22.646012618777,4.014630629850845e-6,7.573513512443856e-7,0.5606,0.5436,0.6294,0.4274,0.06193580906425978,0.1327187502452712,0.09332285655484165,0.16715275781285946
2591,Rangiroa_3,40,Pocillopora verrucosa,4709851.533,16.29571408,5.18649211,22.646012618777,3.45992096902049e-6,1.1012007647503058e-6,0.6718999999999999,0.5569999999999999,0.7004,0.3502,0.15481347199488524,0.16364935414205312,0.08883592866752857,0.12879768803998168
2592,Rangiroa_3,40,Pocillopora verrucosa,4482979.435,21.10097056,6.725408231,22.646012618777,4.706907730885008e-6,1.5002094764237974e-6,0.7648,0.696,0.777,0.3685,0.10390786517123929,0.24264010843680034,0.11015645439303337,0.10640723659601352
2594,Rangiroa_3,6,Pocillopora verrucosa,2198598.695,6.456653513,2.631295804,100,2.9367130653190896e-6,1.196805860925884e-6,0.7617,0.2819,0.6888,0.18555,0.09253473822180391,0.11317484015647844,0.09345087836219981,0.047207844216354086
2595,Rangiroa_3,6,Pocillopora verrucosa,3404819.154,12.11900283,4.45585257,100,3.559367555766517e-6,1.3086899387197232e-6,0.8232,0.4164,0.6686,0.203,0.12952717432604208,0.19973326657764795,0.09378367543329583,0.07863417408056966
2596,Rangiroa_3,6,Pocillopora verrucosa,2701882.223,10.29338048,3.625354814,100,3.809707318985532e-6,1.3417886180007632e-6,0.6768,0.4232,0.7545000000000001,0.3015,0.11520976038899172,0.15783521646183893,0.13571477443521024,0.11836408051244074
2597,Rangiroa_3,6,Pocillopora verrucosa,3387354.818,11.99863116,5.199403528,100,3.542183150179811e-6,1.5349450551713653e-6,0.6407,0.6505,0.7445,0.17521,0.05066896924592451,0.21903538526913865,0.0983093191016102,0.0797679753340204
2598,Rangiroa_3,6,Pocillopora verrucosa,3316602.031,11.02166793,3.678844235,100,3.3231807214074517e-6,1.1092208834868196e-6,0.7827,0.3787,0.7681,0.2351,0.059228465378659854,0.09444463398673791,0.06979406214794429,0.05680854787011469
2599,Rangiroa_3,6,Pocillopora verrucosa,1704662.77,7.957659497,3.066937319,100,4.668172284304654e-6,1.799146067465297e-6,0.6782,0.35559999999999997,0.7272,0.242,0.12286288653978827,0.0816131797635107,0.08767084907640493,0.13874837336383844
2600,Rangiroa_3,6,Pocillopora verrucosa,2845135.28,8.721242744,3.415873492,100,3.065317422797555e-6,1.2006014322102813e-6,0.5385,0.5492,0.6894,0.3401,0.047174027694154845,0.12451577320876972,0.107039141335204,0.06683719855822139
2601,Rangiroa_3,6,Pocillopora verrucosa,5331522.486,18.90361449,8.342897336,100,3.545631578904308e-6,1.5648245614470433e-6,0.5301,0.3275,0.761,0.3489,0.11030206001904247,0.11745377341272986,0.11870130580579137,0.10843579769717296
2602,Rangiroa_3,6,Pocillopora verrucosa,3525855.722,12.28280136,3.468233166,100,3.483636974525074e-6,9.836571429623575e-7,0.5457,0.43720000000000003,0.6103000000000001,0.2844,0.08334539912649981,0.07059713560446737,0.11212795270483528,0.06840435333774858
2603,Rangiroa_3,6,Pocillopora verrucosa,2494198.375,4.073578553,3.309457731,100,1.6332215568058014e-6,1.3268622753392661e-6,0.6369,0.2629,0.6013000000000001,0.2695,0.07837863938032551,0.06773059377661865,0.1190686543320468,0.06448987862017143
